{
  "custom": {},
  "params": {},
  "props": {
    "defaultSize": {
      "height": 980,
      "width": 1920
    }
  },
  "root": {
    "children": [
      {
        "meta": {
          "name": "CoordinateContainer"
        },
        "position": {
          "height": 70,
          "width": 1920
        },
        "props": {
          "style": {
            "backgroundColor": "#3F7172"
          }
        },
        "type": "ia.container.coord"
      },
      {
        "meta": {
          "name": "Label_0"
        },
        "position": {
          "height": 62,
          "width": 525,
          "x": 687.8958435058594,
          "y": 113.982
        },
        "props": {
          "style": {
            "color": "#000000",
            "fontFamily": "serif",
            "fontSize": 15,
            "letterSpacing": 1,
            "textAlign": "center"
          },
          "text": "Check out our limited time offers."
        },
        "type": "ia.display.label"
      },
      {
        "events": {
          "dom": {
            "onClick": {
              "config": {
                "page": "/products"
              },
              "scope": "C",
              "type": "nav"
            },
            "onDoubleClick": {
              "config": {
                "page": "/products"
              },
              "scope": "C",
              "type": "nav"
            }
          }
        },
        "meta": {
          "name": "Button"
        },
        "position": {
          "height": 34,
          "width": 120,
          "x": 887.3858435058594,
          "y": 207
        },
        "props": {
          "image": {
            "position": "center"
          },
          "text": "View Products"
        },
        "type": "ia.input.button"
      },
      {
        "meta": {
          "name": "Image_1"
        },
        "position": {
          "height": 196,
          "width": 183,
          "x": 1045.3958435058594,
          "y": 316.974
        },
        "type": "ia.display.image"
      },
      {
        "meta": {
          "name": "pablo-figueroa-NoUQt_qdKjg-unsplash",
          "tooltip": {
            "width": 100
          }
        },
        "position": {
          "height": 292,
          "width": 321,
          "x": 463.2058435058594,
          "y": 329
        },
        "props": {
          "fit": {
            "mode": "fill"
          },
          "source": "/system/images/pablo-figueroa-NoUQt_qdKjg-unsplash.jpg"
        },
        "type": "ia.display.image"
      },
      {
        "meta": {
          "name": "xiong-yan-hs8ckhdPBkk-unsplash"
        },
        "position": {
          "height": 292,
          "width": 320,
          "x": 801.0718435058594,
          "y": 329
        },
        "props": {
          "fit": {
            "mode": "fill"
          },
          "source": "/system/images/xiong-yan-hs8ckhdPBkk-unsplash.jpg"
        },
        "type": "ia.display.image"
      },
      {
        "meta": {
          "name": "maxim-hopman-Hin-rzhOdWs-unsplash"
        },
        "position": {
          "height": 291,
          "width": 319,
          "x": 1137.8858435058594,
          "y": 329
        },
        "props": {
          "fit": {
            "mode": "fill"
          },
          "source": "/system/images/maxim-hopman-Hin-rzhOdWs-unsplash.jpg"
        },
        "type": "ia.display.image"
      },
      {
        "meta": {
          "name": "Label_1"
        },
        "position": {
          "height": 32,
          "rotate": {
            "anchor": "89% 75%"
          },
          "width": 1920,
          "y": 20
        },
        "props": {
          "style": {
            "color": "#FFFFFF",
            "fontFamily": "serif",
            "fontSize": 30,
            "fontWeight": "bold",
            "letterSpacing": "3",
            "textAlign": "center"
          },
          "text": "Welcome to our store!"
        },
        "type": "ia.display.label"
      }
    ],
    "meta": {
      "name": "root"
    },
    "type": "ia.container.coord"
  }
}