{
  "custom": {},
  "params": {},
  "props": {
    "defaultSize": {
      "height": 980,
      "width": 1920
    }
  },
  "root": {
    "children": [
      {
        "meta": {
          "name": "Label"
        },
        "position": {
          "height": 62,
          "width": 430,
          "x": 410,
          "y": 70
        },
        "props": {
          "style": {
            "fontFamily": "serif",
            "fontSize": 30,
            "letterSpacing": 3,
            "textAlign": "center"
          },
          "text": "Welcome to our store!"
        },
        "type": "ia.display.label"
      },
      {
        "meta": {
          "name": "Label_0"
        },
        "position": {
          "height": 62,
          "width": 525,
          "x": 368,
          "y": 110.982
        },
        "props": {
          "style": {
            "color": "#000000",
            "fontFamily": "serif",
            "fontSize": 15,
            "letterSpacing": 1,
            "textAlign": "center"
          },
          "text": "Check out our limited time offers."
        },
        "type": "ia.display.label"
      },
      {
        "events": {
          "dom": {
            "onClick": {
              "config": {
                "page": "/products"
              },
              "scope": "C",
              "type": "nav"
            },
            "onDoubleClick": {
              "config": {
                "page": "/products"
              },
              "scope": "C",
              "type": "nav"
            }
          }
        },
        "meta": {
          "name": "Button"
        },
        "position": {
          "height": 34,
          "width": 120,
          "x": 567.49,
          "y": 174
        },
        "props": {
          "image": {
            "position": "center"
          },
          "text": "View Products"
        },
        "type": "ia.input.button"
      },
      {
        "meta": {
          "name": "Image_1"
        },
        "position": {
          "height": 196,
          "width": 183,
          "x": 725.5,
          "y": 273.9739537353516
        },
        "type": "ia.display.image"
      },
      {
        "meta": {
          "name": "pablo-figueroa-NoUQt_qdKjg-unsplash",
          "tooltip": {
            "width": 100
          }
        },
        "position": {
          "height": 292,
          "width": 321,
          "x": 143.31,
          "y": 286
        },
        "props": {
          "fit": {
            "mode": "fill"
          },
          "source": "/system/images/pablo-figueroa-NoUQt_qdKjg-unsplash.jpg"
        },
        "type": "ia.display.image"
      },
      {
        "meta": {
          "name": "xiong-yan-hs8ckhdPBkk-unsplash"
        },
        "position": {
          "height": 292,
          "width": 320,
          "x": 481.176,
          "y": 286
        },
        "props": {
          "fit": {
            "mode": "fill"
          },
          "source": "/system/images/xiong-yan-hs8ckhdPBkk-unsplash.jpg"
        },
        "type": "ia.display.image"
      },
      {
        "meta": {
          "name": "maxim-hopman-Hin-rzhOdWs-unsplash"
        },
        "position": {
          "height": 291,
          "width": 319,
          "x": 817.99,
          "y": 286
        },
        "props": {
          "fit": {
            "mode": "fill"
          },
          "source": "/system/images/maxim-hopman-Hin-rzhOdWs-unsplash.jpg"
        },
        "type": "ia.display.image"
      }
    ],
    "meta": {
      "name": "root"
    },
    "type": "ia.container.coord"
  }
}