{
  "custom": {},
  "params": {
    "Quantity": ""
  },
  "propConfig": {
    "params.Quantity": {
      "paramDirection": "input",
      "persistent": true
    }
  },
  "props": {
    "defaultSize": {
      "height": 631,
      "width": 1163
    }
  },
  "root": {
    "children": [
      {
        "meta": {
          "name": "Table"
        },
        "position": {
          "height": 409,
          "width": 614,
          "x": 16.98,
          "y": 93.5
        },
        "propConfig": {
          "props.data": {
            "binding": {
              "config": {
                "queryPath": "Cart"
              },
              "type": "query"
            }
          }
        },
        "props": {
          "selection": {
            "selectedColumn": ""
          }
        },
        "type": "ia.display.table"
      },
      {
        "meta": {
          "name": "Label_0"
        },
        "position": {
          "height": 32,
          "width": 338,
          "x": 36.98,
          "y": 35.44999999999999
        },
        "props": {
          "style": {
            "color": "#51787A",
            "fontFamily": "serif",
            "fontSize": 30,
            "fontWeight": "bold",
            "letterSpacing": 3
          },
          "text": "My Shopping Cart"
        },
        "type": "ia.display.label"
      },
      {
        "meta": {
          "name": "Button"
        },
        "position": {
          "height": 39,
          "rotate": {
            "anchor": "-24% 50%"
          },
          "width": 138,
          "x": 1013.96,
          "y": 488.49
        },
        "props": {
          "text": "Buy Now"
        },
        "type": "ia.input.button"
      },
      {
        "meta": {
          "name": "NumericEntryField"
        },
        "position": {
          "height": 32,
          "rotate": {
            "anchor": "-33% 38%"
          },
          "width": 53,
          "x": 913.97,
          "y": 495
        },
        "propConfig": {
          "props.value": {
            "binding": {
              "config": {
                "path": "view.params.Quantity"
              },
              "type": "property"
            }
          }
        },
        "type": "ia.input.numeric-entry-field"
      }
    ],
    "meta": {
      "name": "root"
    },
    "type": "ia.container.coord"
  }
}