{
  "custom": {},
  "params": {
    "Quantity": ""
  },
  "propConfig": {
    "params.Quantity": {
      "paramDirection": "input",
      "persistent": true
    }
  },
  "props": {
    "defaultSize": {
      "height": 980,
      "width": 1920
    }
  },
  "root": {
    "children": [
      {
        "meta": {
          "name": "CoordinateContainer"
        },
        "position": {
          "height": 70,
          "width": 1920
        },
        "props": {
          "style": {
            "backgroundColor": "#3F7172"
          }
        },
        "type": "ia.container.coord"
      },
      {
        "meta": {
          "name": "Table"
        },
        "position": {
          "height": 444,
          "width": 1379,
          "x": 256.4,
          "y": 177.5
        },
        "propConfig": {
          "props.data": {
            "binding": {
              "config": {
                "polling": {
                  "enabled": true,
                  "rate": "1"
                },
                "queryPath": "Cart"
              },
              "type": "query"
            }
          }
        },
        "props": {
          "columns": [
            {
              "align": "center",
              "boolean": "checkbox",
              "dateFormat": "MM/DD/YYYY",
              "editable": false,
              "field": "Product Name",
              "filter": {
                "boolean": {
                  "condition": ""
                },
                "date": {
                  "condition": "",
                  "value": ""
                },
                "enabled": false,
                "number": {
                  "condition": "",
                  "value": ""
                },
                "string": {
                  "condition": "",
                  "value": ""
                },
                "visible": "on-hover"
              },
              "footer": {
                "align": "center",
                "justify": "left",
                "style": {
                  "classes": ""
                },
                "title": ""
              },
              "header": {
                "align": "center",
                "justify": "left",
                "style": {
                  "classes": ""
                },
                "title": ""
              },
              "justify": "auto",
              "nullFormat": {
                "includeNullStrings": false,
                "nullFormatValue": "",
                "strict": false
              },
              "number": "value",
              "numberFormat": "0,0.##",
              "progressBar": {
                "bar": {
                  "color": "",
                  "style": {
                    "classes": ""
                  }
                },
                "max": 100,
                "min": 0,
                "track": {
                  "color": "",
                  "style": {
                    "classes": ""
                  }
                },
                "value": {
                  "enabled": true,
                  "format": "0,0.##",
                  "justify": "center",
                  "style": {
                    "classes": ""
                  }
                }
              },
              "render": "auto",
              "resizable": true,
              "sort": "none",
              "sortable": true,
              "strictWidth": false,
              "style": {
                "classes": ""
              },
              "toggleSwitch": {
                "color": {
                  "selected": "",
                  "unselected": ""
                }
              },
              "viewParams": {},
              "viewPath": "",
              "visible": true,
              "width": ""
            },
            {
              "align": "center",
              "boolean": "checkbox",
              "dateFormat": "MM/DD/YYYY",
              "editable": false,
              "field": "Product Description",
              "filter": {
                "boolean": {
                  "condition": ""
                },
                "date": {
                  "condition": "",
                  "value": ""
                },
                "enabled": false,
                "number": {
                  "condition": "",
                  "value": ""
                },
                "string": {
                  "condition": "",
                  "value": ""
                },
                "visible": "on-hover"
              },
              "footer": {
                "align": "center",
                "justify": "left",
                "style": {
                  "classes": ""
                },
                "title": ""
              },
              "header": {
                "align": "center",
                "justify": "left",
                "style": {
                  "classes": ""
                },
                "title": ""
              },
              "justify": "auto",
              "nullFormat": {
                "includeNullStrings": false,
                "nullFormatValue": "",
                "strict": false
              },
              "number": "value",
              "numberFormat": "0,0.##",
              "progressBar": {
                "bar": {
                  "color": "",
                  "style": {
                    "classes": ""
                  }
                },
                "max": 100,
                "min": 0,
                "track": {
                  "color": "",
                  "style": {
                    "classes": ""
                  }
                },
                "value": {
                  "enabled": true,
                  "format": "0,0.##",
                  "justify": "center",
                  "style": {
                    "classes": ""
                  }
                }
              },
              "render": "auto",
              "resizable": true,
              "sort": "none",
              "sortable": true,
              "strictWidth": false,
              "style": {
                "classes": ""
              },
              "toggleSwitch": {
                "color": {
                  "selected": "",
                  "unselected": ""
                }
              },
              "viewParams": {},
              "viewPath": "",
              "visible": true,
              "width": ""
            },
            {
              "align": "center",
              "boolean": "checkbox",
              "dateFormat": "MM/DD/YYYY",
              "editable": false,
              "field": "Price",
              "filter": {
                "boolean": {
                  "condition": ""
                },
                "date": {
                  "condition": "",
                  "value": ""
                },
                "enabled": false,
                "number": {
                  "condition": "",
                  "value": ""
                },
                "string": {
                  "condition": "",
                  "value": ""
                },
                "visible": "on-hover"
              },
              "footer": {
                "align": "center",
                "justify": "left",
                "style": {
                  "classes": ""
                },
                "title": ""
              },
              "header": {
                "align": "center",
                "justify": "left",
                "style": {
                  "classes": ""
                },
                "title": ""
              },
              "justify": "auto",
              "nullFormat": {
                "includeNullStrings": false,
                "nullFormatValue": "",
                "strict": false
              },
              "number": "value",
              "numberFormat": "0,0.##",
              "progressBar": {
                "bar": {
                  "color": "",
                  "style": {
                    "classes": ""
                  }
                },
                "max": 100,
                "min": 0,
                "track": {
                  "color": "",
                  "style": {
                    "classes": ""
                  }
                },
                "value": {
                  "enabled": true,
                  "format": "0,0.##",
                  "justify": "center",
                  "style": {
                    "classes": ""
                  }
                }
              },
              "render": "auto",
              "resizable": true,
              "sort": "none",
              "sortable": true,
              "strictWidth": false,
              "style": {
                "classes": ""
              },
              "toggleSwitch": {
                "color": {
                  "selected": "",
                  "unselected": ""
                }
              },
              "viewParams": {},
              "viewPath": "",
              "visible": true,
              "width": ""
            }
          ],
          "emptyMessage": {
            "noData": {
              "text": "Cart Is Empty"
            }
          },
          "pager": {
            "bottom": false
          },
          "selection": {
            "selectedColumn": ""
          }
        },
        "type": "ia.display.table"
      },
      {
        "meta": {
          "name": "Label_0"
        },
        "position": {
          "height": 32,
          "width": 1920,
          "y": 20
        },
        "props": {
          "style": {
            "color": "#FFFFFF",
            "fontFamily": "serif",
            "fontSize": 30,
            "fontWeight": "bold",
            "letterSpacing": "3",
            "textAlign": "center"
          },
          "text": "My Shopping Cart"
        },
        "type": "ia.display.label"
      },
      {
        "events": {
          "dom": {
            "onClick": [
              {
                "config": {
                  "script": "\t\n\t#Open the \"Successfully Ordered\" Popup to display purchase.\n\tsystem.perspective.openPopup(\"Popup 2\",\u0027Popups/SuccessfulOrder\u0027, showCloseIcon \u003d False, resizable \u003d False)\n\t\n\t#Run Transaction Query to move contents from Cart table to Orders table.\n\tquery \u003d system.db.runQuery(\"BEGIN TRANSACTION INSERT INTO Orders (Name, Description, Date, Total) SELECT Name, Description, GETDATE(), Price FROM Cart COMMIT;\")\n\t"
                },
                "scope": "G",
                "type": "script"
              },
              {
                "config": {
                  "script": "\t#Empty the Cart when finished.\n\tsystem.db.runNamedQuery(\"DeleteCart\")"
                },
                "scope": "G",
                "type": "script"
              }
            ]
          }
        },
        "meta": {
          "name": "Button"
        },
        "position": {
          "height": 39,
          "rotate": {
            "anchor": "-24% 50%"
          },
          "width": 138,
          "x": 882.96,
          "y": 667.49
        },
        "props": {
          "style": {
            "backgroundColor": "#4747FF"
          },
          "text": "Buy Now"
        },
        "type": "ia.input.button"
      },
      {
        "events": {
          "dom": {
            "onClick": {
              "config": {
                "script": "\tsystem.db.runNamedQuery(\"DeleteCart\")"
              },
              "scope": "G",
              "type": "script"
            }
          }
        },
        "meta": {
          "name": "Button_0"
        },
        "position": {
          "height": 34,
          "rotate": {
            "anchor": "-50% 25%"
          },
          "width": 100,
          "x": 1485.39,
          "y": 641.453
        },
        "props": {
          "style": {
            "backgroundColor": "#4747FF"
          },
          "text": "Empty Cart"
        },
        "type": "ia.input.button"
      },
      {
        "events": {
          "dom": {
            "onClick": {
              "config": {},
              "scope": "C",
              "type": "logout"
            }
          }
        },
        "meta": {
          "name": "Button_1"
        },
        "position": {
          "height": 39,
          "width": 87,
          "x": 1812.5,
          "y": 78.99
        },
        "props": {
          "image": {
            "icon": {
              "path": "material/login"
            }
          },
          "text": "Logout"
        },
        "type": "ia.input.button"
      }
    ],
    "meta": {
      "name": "root"
    },
    "type": "ia.container.coord"
  }
}