{
  "custom": {},
  "params": {
    "selectedUser": ""
  },
  "propConfig": {
    "params.selectedUser": {
      "paramDirection": "input",
      "persistent": true
    }
  },
  "props": {
    "defaultSize": {
      "height": 980,
      "width": 1920
    }
  },
  "root": {
    "children": [
      {
        "meta": {
          "name": "CoordinateContainer"
        },
        "position": {
          "height": 759,
          "width": 697,
          "x": 894.86,
          "y": 47.47
        },
        "props": {
          "style": {
            "backgroundColor": "#D5D5D559",
            "borderBottomLeftRadius": 20,
            "borderBottomRightRadius": 20,
            "borderTopLeftRadius": 20,
            "borderTopRightRadius": 20
          }
        },
        "type": "ia.container.coord"
      },
      {
        "meta": {
          "name": "Username Label"
        },
        "position": {
          "height": 32,
          "width": 167,
          "x": 1063.4,
          "y": 400.08
        },
        "props": {
          "style": {
            "fontFamily": "serif",
            "fontSize": 20
          },
          "text": "Username"
        },
        "type": "ia.display.label"
      },
      {
        "meta": {
          "name": "Username TextField"
        },
        "position": {
          "height": 32,
          "width": 335,
          "x": 1059.4,
          "y": 442.98
        },
        "props": {
          "deferUpdates": false,
          "rejectUpdatesWhileFocused": false
        },
        "type": "ia.input.text-field"
      },
      {
        "events": {
          "dom": {
            "onMouseOut": {
              "config": {
                "script": "\tself.getSibling(\"Label\").props.style.visibility \u003d \"hidden\""
              },
              "scope": "G",
              "type": "script"
            },
            "onMouseOver": {
              "config": {
                "script": "\tif self.custom.errorMessage !\u003d \"\":\n\t\tself.getSibling(\"Label\").props.style.visibility \u003d \"visible\""
              },
              "scope": "G",
              "type": "script"
            }
          }
        },
        "meta": {
          "name": "Username Icon"
        },
        "position": {
          "height": 30,
          "rotate": {
            "anchor": "0% 50%"
          },
          "width": 30,
          "x": 1407,
          "y": 444.855
        },
        "propConfig": {
          "custom.errorMessage": {
            "binding": {
              "config": {
                "path": "../Username TextField.props.text"
              },
              "transforms": [
                {
                  "code": "\tuserSource \u003d \"default\"\n\tusers \u003d system.user.getUsers(userSource)\n\tselectedUser \u003d self.view.params.selectedUser\n\t\n\t# Gather all the users into an array\n\tusernames \u003d []\n\tif users:\n\t\tfor user in users:\n\t\t\tusernames.append(user.get(\u0027username\u0027))\n\t\n\t# Check if the value in username textfield matches a username already on the gateway or is empty, then return False\n\t# as well create error message. Else, return True and clear the error messages.\n\tif users:\n\t\tif value in usernames:\n\t\t\tif selectedUser:\n\t\t\t\tif value \u003d\u003d selectedUser:\n\t\t\t\t\treturn \"\"\n\t\t\t\telse:\n\t\t\t\t\treturn \"Username already exists.\"\n\t\t\telif selectedUser \u003d\u003d \"\":\n\t\t\t\treturn \"Username already exists.\"\n\t\telif value \u003d\u003d \u0027\u0027:\n\t\t\treturn \"Username field cannot be empty.\"\n\t\telse:\n\t\t\treturn \"\"",
                  "type": "script"
                }
              ],
              "type": "property"
            }
          },
          "props.color": {
            "binding": {
              "config": {
                "path": "this.custom.errorMessage"
              },
              "transforms": [
                {
                  "fallback": "#FF0000",
                  "inputType": "scalar",
                  "mappings": [
                    {
                      "input": "",
                      "output": "#228B22"
                    }
                  ],
                  "outputType": "scalar",
                  "type": "map"
                }
              ],
              "type": "property"
            }
          },
          "props.path": {
            "binding": {
              "config": {
                "path": "this.custom.errorMessage"
              },
              "transforms": [
                {
                  "fallback": "material/error",
                  "inputType": "scalar",
                  "mappings": [
                    {
                      "input": "",
                      "output": "material/check_circle"
                    }
                  ],
                  "outputType": "scalar",
                  "type": "map"
                }
              ],
              "type": "property"
            }
          }
        },
        "type": "ia.display.icon"
      },
      {
        "meta": {
          "name": "Password Label"
        },
        "position": {
          "height": 32,
          "width": 112,
          "x": 1063.4,
          "y": 500.491
        },
        "props": {
          "text": "Password",
          "textStyle": {
            "fontFamily": "serif",
            "fontSize": 20
          }
        },
        "type": "ia.display.label"
      },
      {
        "meta": {
          "name": "PasswordField"
        },
        "position": {
          "height": 32,
          "width": 335,
          "x": 1059.4,
          "y": 539.461
        },
        "props": {
          "allowReveal": false
        },
        "type": "ia.input.password-field"
      },
      {
        "events": {
          "dom": {
            "onMouseOut": {
              "config": {
                "script": "\tself.getSibling(\"Label_0\").props.style.visibility \u003d \"hidden\""
              },
              "scope": "G",
              "type": "script"
            },
            "onMouseOver": {
              "config": {
                "script": "\tif self.custom.errorMessage !\u003d \"\":\n\t\tself.getSibling(\"Label_0\").props.style.visibility \u003d \"visible\""
              },
              "scope": "G",
              "type": "script"
            }
          }
        },
        "meta": {
          "name": "Password Icon"
        },
        "position": {
          "height": 30,
          "rotate": {
            "anchor": "-23% 50%"
          },
          "width": 30,
          "x": 1407,
          "y": 587.973
        },
        "propConfig": {
          "custom.errorMessage": {
            "binding": {
              "config": {
                "struct": {
                  "password": "{../PasswordField.props.text}",
                  "passwordCheck": "{../PasswordField_0.props.text}"
                },
                "waitOnAll": true
              },
              "transforms": [
                {
                  "code": "\tpassword \u003d value[\u0027password\u0027]\n\tpasswordCheck \u003d value[\u0027passwordCheck\u0027]\n\n\t# If password and check password input fields do not match or either input fields are blank, return with an error message.\n\t# Error if password does not equal check or password fields are empty.\n\tif password !\u003d passwordCheck or password \u003d\u003d \u0027\u0027 or passwordCheck \u003d\u003d \u0027\u0027:\n\t\treturn \"Password fields do not match or are empty.\"\n\telse:\n\t\treturn \"\"",
                  "type": "script"
                }
              ],
              "type": "expr-struct"
            }
          },
          "props.color": {
            "binding": {
              "config": {
                "path": "this.custom.errorMessage"
              },
              "transforms": [
                {
                  "fallback": "#FF0000",
                  "inputType": "scalar",
                  "mappings": [
                    {
                      "input": "",
                      "output": "#228B22"
                    }
                  ],
                  "outputType": "scalar",
                  "type": "map"
                }
              ],
              "type": "property"
            }
          },
          "props.path": {
            "binding": {
              "config": {
                "path": "this.custom.errorMessage"
              },
              "transforms": [
                {
                  "fallback": "material/error",
                  "inputType": "scalar",
                  "mappings": [
                    {
                      "input": "",
                      "output": "material/check_circle"
                    }
                  ],
                  "outputType": "scalar",
                  "type": "map"
                }
              ],
              "type": "property"
            }
          }
        },
        "type": "ia.display.icon"
      },
      {
        "meta": {
          "name": "PasswordField_0"
        },
        "position": {
          "height": 32,
          "width": 335,
          "x": 1059.4,
          "y": 586.01
        },
        "props": {
          "allowReveal": false,
          "placeholder": "Re-Enter Password"
        },
        "type": "ia.input.password-field"
      },
      {
        "meta": {
          "name": "FirstName Label"
        },
        "position": {
          "height": 32,
          "rotate": {
            "anchor": "12% 50%"
          },
          "width": 164,
          "x": 1063.4,
          "y": 216.7
        },
        "props": {
          "style": {
            "fontFamily": "serif",
            "fontSize": 20
          },
          "text": "First Name"
        },
        "type": "ia.display.label"
      },
      {
        "meta": {
          "name": "FirstName TextField"
        },
        "position": {
          "height": 32,
          "width": 335,
          "x": 1059.4,
          "y": 260.85
        },
        "type": "ia.input.text-field"
      },
      {
        "meta": {
          "name": "LastName TextField"
        },
        "position": {
          "height": 32,
          "width": 335,
          "x": 1059.4,
          "y": 348.94
        },
        "type": "ia.input.text-field"
      },
      {
        "events": {
          "dom": {
            "onClick": [
              {
                "config": {
                  "script": "\n\t# Grab all of the text fields from the contact information.\n\tuserSource \u003d \"default\"\n\tuserName \u003d self.getSibling(\"Username TextField\").props.text\n\tfirstName \u003d self.getSibling(\"FirstName TextField\").props.text\n\tlastName \u003d self.getSibling(\"LastName TextField\").props.text\n\tpassword \u003d self.getSibling(\"PasswordField\").props.text\n\n\t# Use Ignition\u0027s built-in system.user.getNewUser function to assign the username to the default user source.\n\t# Create the userObject dictionary\n\tuserObject \u003d system.user.getNewUser(userSource, userName)\n\n\t# Insert the information from the text fields into the userObject dictionary.\n\tuserObject.set(\u0027username\u0027, userName)\n\tuserObject.set(\u0027firstname\u0027, firstName)\n\tuserObject.set(\u0027lastname\u0027, lastName)\n\tuserObject.set(\u0027password\u0027, password)\n\n\t# Use Ignition\u0027s built-in system.user.addUser function to finally add the user to the users list in the Gateway.\n\tsystem.user.addUser(userSource, userObject)\n\n\t# Clear all the text input fields.\n\tself.getSibling(\"PasswordField\").props.text \u003d \u0027\u0027\n\tself.getSibling(\"PasswordField_0\").props.text \u003d \u0027\u0027\n\tself.getSibling(\"Username TextField\").props.text \u003d \u0027\u0027\n\tself.getSibling(\"FirstName TextField\").props.text \u003d \u0027\u0027\n\tself.getSibling(\"LastName Label\").props.text \u003d \u0027\u0027\n\t"
                },
                "scope": "G",
                "type": "script"
              },
              {
                "config": {
                  "script": "\t#Open the \"Successfully Created\" Popup to display that user was created.\n\tsystem.perspective.openPopup(\"Popup 3\",\u0027Popups/UserCreatedPopup\u0027, showCloseIcon \u003d False, resizable \u003d False)"
                },
                "scope": "G",
                "type": "script"
              }
            ]
          }
        },
        "meta": {
          "name": "Button_0"
        },
        "position": {
          "height": 44,
          "width": 145,
          "x": 1161,
          "y": 679
        },
        "props": {
          "text": "Create Account"
        },
        "type": "ia.input.button"
      },
      {
        "meta": {
          "name": "Label"
        },
        "position": {
          "height": 40,
          "width": 126,
          "x": 1413.4,
          "y": 443.99
        },
        "propConfig": {
          "props.text": {
            "binding": {
              "config": {
                "path": "../Username Icon.custom.errorMessage"
              },
              "type": "property"
            }
          }
        },
        "props": {
          "style": {
            "backgroundColor": "#F6F6F6",
            "borderColor": "#BBBBBB",
            "borderStyle": "solid",
            "borderWidth": "1px",
            "fontSize": "12px",
            "marginLeft": "25px",
            "marginTop": "-5px",
            "padding": "4px",
            "position": "absolute",
            "visibility": "hidden",
            "width": "120px"
          }
        },
        "type": "ia.display.label"
      },
      {
        "meta": {
          "name": "Label_0"
        },
        "position": {
          "height": 64,
          "width": 128,
          "x": 1413.4,
          "y": 579.02
        },
        "propConfig": {
          "props.text": {
            "binding": {
              "config": {
                "path": "../Password Icon.custom.errorMessage"
              },
              "type": "property"
            }
          }
        },
        "props": {
          "style": {
            "backgroundColor": "#F6F6F6",
            "borderColor": "#BBBBBB",
            "borderStyle": "solid",
            "borderWidth": "1px",
            "fontSize": "12px",
            "marginLeft": "25px",
            "marginTop": "-6px",
            "padding": "4px",
            "position": "absolute",
            "visibility": "hidden",
            "width": "150px"
          }
        },
        "type": "ia.display.label"
      },
      {
        "meta": {
          "name": "Label_1"
        },
        "position": {
          "height": 52,
          "rotate": {
            "anchor": "50% 25%"
          },
          "width": 332,
          "x": 1107,
          "y": 99
        },
        "props": {
          "style": {
            "fontFamily": "serif",
            "fontSize": 30,
            "fontWeight": "bold"
          },
          "text": "Create an Account"
        },
        "type": "ia.display.label"
      },
      {
        "meta": {
          "name": "FirstName Label_0"
        },
        "position": {
          "height": 32,
          "rotate": {
            "anchor": "149% 50%"
          },
          "width": 164,
          "x": 1063.4,
          "y": 306
        },
        "props": {
          "style": {
            "fontFamily": "serif",
            "fontSize": 20
          },
          "text": "Last Name"
        },
        "type": "ia.display.label"
      },
      {
        "meta": {
          "name": "Label_2"
        },
        "position": {
          "height": 32,
          "width": 371,
          "x": 1096,
          "y": 147.992
        },
        "props": {
          "text": "Fill in all required fields in order to proceed.",
          "textStyle": {
            "fontFamily": "serif",
            "fontSize": 15
          }
        },
        "type": "ia.display.label"
      },
      {
        "meta": {
          "name": "CoordinateContainer_0"
        },
        "position": {
          "height": 759,
          "width": 529,
          "x": 380.86,
          "y": 47.88
        },
        "props": {
          "style": {
            "backgroundColor": "#3F7172D5",
            "borderBottomLeftRadius": 20,
            "borderBottomRightRadius": 0,
            "borderTopLeftRadius": 20,
            "borderTopRightRadius": 0
          }
        },
        "type": "ia.container.coord"
      },
      {
        "meta": {
          "name": "Label_3"
        },
        "position": {
          "height": 87,
          "width": 340,
          "x": 500.004,
          "y": 336.177
        },
        "props": {
          "style": {
            "color": "#FFFFFF",
            "fontFamily": "serif",
            "fontSize": 30,
            "fontWeight": "bold"
          },
          "text": "Online Store Application"
        },
        "type": "ia.display.label"
      },
      {
        "meta": {
          "name": "Label_4"
        },
        "position": {
          "height": 87,
          "width": 345,
          "x": 475.01,
          "y": 411.967
        },
        "props": {
          "style": {
            "color": "#FFFFFF",
            "fontFamily": "serif",
            "fontSize": 20,
            "textAlign": "center"
          },
          "text": "Thank you for choosing to create an account with us!"
        },
        "type": "ia.display.label"
      },
      {
        "events": {
          "dom": {
            "onClick": {
              "config": {},
              "scope": "C",
              "type": "logout"
            }
          }
        },
        "meta": {
          "name": "Button"
        },
        "position": {
          "height": 39,
          "width": 87,
          "x": 1812.5,
          "y": 8.99
        },
        "props": {
          "image": {
            "icon": {
              "path": "material/login"
            }
          },
          "text": "Logout"
        },
        "type": "ia.input.button"
      }
    ],
    "meta": {
      "name": "root"
    },
    "position": {
      "x": 230,
      "y": -213.1640625
    },
    "type": "ia.container.coord"
  }
}