{
  "custom": {},
  "params": {},
  "props": {
    "defaultSize": {
      "height": 100,
      "width": 357
    }
  },
  "root": {
    "children": [
      {
        "meta": {
          "name": "Label_0"
        },
        "position": {
          "height": 30,
          "width": 357
        },
        "props": {
          "style": {
            "backgroundColor": "#4747FF"
          }
        },
        "type": "ia.display.label"
      },
      {
        "meta": {
          "name": "Label"
        },
        "position": {
          "height": 30,
          "width": 297,
          "x": 28
        },
        "props": {
          "style": {
            "color": "#FFFFFF",
            "fontSize": 13,
            "fontWeight": "bold",
            "letterSpacing": "1",
            "textAlign": "center"
          },
          "text": "Account was successfully created!"
        },
        "type": "ia.display.label"
      },
      {
        "meta": {
          "name": "Icon"
        },
        "position": {
          "height": 38,
          "rotate": {
            "anchor": "166% 75%"
          },
          "width": 38,
          "x": 71,
          "y": 47.7997
        },
        "props": {
          "color": "#4747FF",
          "path": "material/info"
        },
        "type": "ia.display.icon"
      },
      {
        "events": {
          "dom": {
            "onClick": {
              "config": {
                "script": "\tsystem.perspective.closePopup(\"Popup 3\")"
              },
              "scope": "G",
              "type": "script"
            }
          }
        },
        "meta": {
          "name": "Button"
        },
        "position": {
          "height": 34,
          "width": 119,
          "x": 127,
          "y": 49.872
        },
        "props": {
          "style": {
            "backgroundColor": "#4747FF"
          },
          "text": "OK"
        },
        "type": "ia.input.button"
      }
    ],
    "meta": {
      "name": "root"
    },
    "type": "ia.container.coord"
  }
}