{
  "custom": {},
  "params": {},
  "props": {
    "defaultSize": {
      "height": 100,
      "width": 337
    }
  },
  "root": {
    "children": [
      {
        "meta": {
          "name": "Label_0"
        },
        "position": {
          "height": 30,
          "width": 337
        },
        "props": {
          "style": {
            "backgroundColor": "#4747FF"
          }
        },
        "type": "ia.display.label"
      },
      {
        "meta": {
          "name": "Label"
        },
        "position": {
          "height": 30,
          "width": 200,
          "x": 69.9961
        },
        "props": {
          "style": {
            "color": "#FFFFFF",
            "fontWeight": "bold",
            "letterSpacing": 1,
            "textAlign": "center"
          },
          "text": "Added To Cart!"
        },
        "type": "ia.display.label"
      },
      {
        "events": {
          "dom": {
            "onClick": {
              "config": {
                "script": "\tsystem.perspective.closePopup(\"Popup 1\")"
              },
              "scope": "G",
              "type": "script"
            }
          }
        },
        "meta": {
          "name": "Button"
        },
        "position": {
          "height": 34,
          "rotate": {
            "anchor": "75% 50%"
          },
          "width": 119,
          "x": 117,
          "y": 46.9596
        },
        "props": {
          "style": {
            "backgroundColor": "#4747FF"
          },
          "text": "OK"
        },
        "type": "ia.input.button"
      },
      {
        "meta": {
          "name": "Icon"
        },
        "position": {
          "height": 38,
          "width": 38,
          "x": 20,
          "y": 46
        },
        "props": {
          "color": "#4747FF",
          "path": "material/info"
        },
        "type": "ia.display.icon"
      }
    ],
    "meta": {
      "name": "root"
    },
    "type": "ia.container.coord"
  }
}