{
  "custom": {},
  "params": {},
  "props": {
    "defaultSize": {
      "height": 1198,
      "width": 1920
    }
  },
  "root": {
    "children": [
      {
        "meta": {
          "name": "CoordinateContainer_5"
        },
        "position": {
          "height": 70,
          "width": 1920
        },
        "props": {
          "style": {
            "backgroundColor": "#3F7172"
          }
        },
        "type": "ia.container.coord"
      },
      {
        "meta": {
          "name": "CoordinateContainer_1"
        },
        "position": {
          "height": 490,
          "width": 308,
          "x": 1304.4,
          "y": 106
        },
        "props": {
          "style": {
            "backgroundColor": "#F5F5F5",
            "borderBottomLeftRadius": 10,
            "borderBottomRightRadius": 10,
            "borderStyle": "groove",
            "borderTopLeftRadius": 10,
            "borderTopRightRadius": 10
          }
        },
        "type": "ia.container.coord"
      },
      {
        "meta": {
          "name": "CoordinateContainer_0"
        },
        "position": {
          "height": 490,
          "width": 308,
          "x": 810.849,
          "y": 106
        },
        "props": {
          "style": {
            "backgroundColor": "#F5F5F5",
            "borderBottomLeftRadius": 10,
            "borderBottomRightRadius": 10,
            "borderStyle": "groove",
            "borderTopLeftRadius": 10,
            "borderTopRightRadius": 10
          }
        },
        "type": "ia.container.coord"
      },
      {
        "meta": {
          "name": "CoordinateContainer"
        },
        "position": {
          "height": 490,
          "width": 308,
          "x": 316.24,
          "y": 627
        },
        "props": {
          "style": {
            "backgroundColor": "#F5F5F5",
            "borderBottomLeftRadius": 10,
            "borderBottomRightRadius": 10,
            "borderStyle": "groove",
            "borderTopLeftRadius": 10,
            "borderTopRightRadius": 10
          }
        },
        "type": "ia.container.coord"
      },
      {
        "meta": {
          "name": "Label_0"
        },
        "position": {
          "height": 32,
          "rotate": {
            "anchor": "60% -22%"
          },
          "width": 178,
          "x": 385.1,
          "y": 939
        },
        "props": {
          "style": {
            "fontFamily": "serif",
            "fontWeight": "bold"
          },
          "text": "15-inch Laptop with SSD"
        },
        "type": "ia.display.label"
      },
      {
        "meta": {
          "name": "Label_1"
        },
        "position": {
          "height": 32,
          "width": 72,
          "x": 440.4,
          "y": 973
        },
        "props": {
          "style": {
            "fontFamily": "serif"
          },
          "text": "$999.99"
        },
        "type": "ia.display.label"
      },
      {
        "meta": {
          "name": "Label_4"
        },
        "position": {
          "height": 51,
          "rotate": {
            "anchor": "58% 38%"
          },
          "width": 278,
          "x": 767.61,
          "y": -88.5078125
        },
        "props": {
          "style": {
            "fontFamily": "serif",
            "fontSize": 25,
            "fontWeight": "bold",
            "letterSpacing": "3"
          },
          "text": "Shop Our Collection"
        },
        "type": "ia.display.label"
      },
      {
        "meta": {
          "name": "hugo-barbosa-AZ1dAHLnYFc-unsplash"
        },
        "position": {
          "height": 228,
          "width": 215,
          "x": 361.66,
          "y": 683
        },
        "props": {
          "fit": {
            "mode": "fill"
          },
          "source": "/system/images/hugo-barbosa-AZ1dAHLnYFc-unsplash.jpg",
          "style": {
            "borderBottomLeftRadius": 5,
            "borderBottomRightRadius": 5,
            "borderTopLeftRadius": 5,
            "borderTopRightRadius": 5
          }
        },
        "type": "ia.display.image"
      },
      {
        "meta": {
          "name": "Label_2"
        },
        "position": {
          "height": 32,
          "rotate": {
            "anchor": "60% -22%"
          },
          "width": 222,
          "x": 853.33,
          "y": 418
        },
        "props": {
          "style": {
            "fontFamily": "serif",
            "fontWeight": "bold"
          },
          "text": "10-inch Tablet with Touchscreen"
        },
        "type": "ia.display.label"
      },
      {
        "meta": {
          "name": "Label_3"
        },
        "position": {
          "height": 32,
          "width": 72,
          "x": 936.4,
          "y": 452
        },
        "props": {
          "style": {
            "fontFamily": "serif"
          },
          "text": "$299.99"
        },
        "type": "ia.display.label"
      },
      {
        "events": {
          "dom": {
            "onClick": {
              "config": {
                "script": "\tsystem.perspective.openPopup(\"Popup 1\",\u0027Popups/AddedToCart\u0027, showCloseIcon \u003d False, resizable \u003d False)\n\t\n\tquery \u003d system.db.runQuery(\"BEGIN TRANSACTION INSERT INTO Cart (ProductID, Name, Description, Price) SELECT ProductID, Name, Description, Price FROM Products WHERE ProductID \u003d 4; COMMIT;\")\n\t"
              },
              "scope": "G",
              "type": "script"
            }
          }
        },
        "meta": {
          "name": "Button_0"
        },
        "position": {
          "height": 32,
          "width": 100,
          "x": 911.5,
          "y": 494
        },
        "props": {
          "style": {
            "backgroundColor": "#808080"
          },
          "text": "Add To Cart"
        },
        "type": "ia.input.button"
      },
      {
        "meta": {
          "name": "Label_5"
        },
        "position": {
          "height": 32,
          "rotate": {
            "anchor": "60% -22%"
          },
          "width": 264,
          "x": 1327.33,
          "y": 418
        },
        "props": {
          "style": {
            "fontFamily": "serif",
            "fontWeight": "bold"
          },
          "text": "Wireless Noise-Canceling Headphones"
        },
        "type": "ia.display.label"
      },
      {
        "meta": {
          "name": "Label_6"
        },
        "position": {
          "height": 32,
          "width": 72,
          "x": 1429.4,
          "y": 452
        },
        "props": {
          "style": {
            "fontFamily": "serif"
          },
          "text": "$199.99"
        },
        "type": "ia.display.label"
      },
      {
        "events": {
          "dom": {
            "onClick": {
              "config": {
                "script": "\tsystem.perspective.openPopup(\"Popup 1\",\u0027Popups/AddedToCart\u0027, showCloseIcon \u003d False, resizable \u003d False)\n\t\n\tquery \u003d system.db.runQuery(\"BEGIN TRANSACTION INSERT INTO Cart (ProductID, Name, Description, Price) SELECT ProductID, Name, Description, Price FROM Products WHERE ProductID \u003d 3; COMMIT;\")\n\t"
              },
              "scope": "G",
              "type": "script"
            }
          }
        },
        "meta": {
          "name": "Button_1"
        },
        "position": {
          "height": 32,
          "width": 100,
          "x": 1410.5,
          "y": 494
        },
        "props": {
          "style": {
            "backgroundColor": "#808080"
          },
          "text": "Add To Cart"
        },
        "type": "ia.input.button"
      },
      {
        "meta": {
          "name": "CoordinateContainer_2"
        },
        "position": {
          "height": 490,
          "width": 308,
          "x": 1304.4,
          "y": 625
        },
        "props": {
          "style": {
            "backgroundColor": "#F5F5F5",
            "borderBottomLeftRadius": 10,
            "borderBottomRightRadius": 10,
            "borderStyle": "groove",
            "borderTopLeftRadius": 10,
            "borderTopRightRadius": 10
          }
        },
        "type": "ia.container.coord"
      },
      {
        "meta": {
          "name": "CoordinateContainer_3"
        },
        "position": {
          "height": 490,
          "width": 308,
          "x": 810.85,
          "y": 625
        },
        "props": {
          "style": {
            "backgroundColor": "#F5F5F5",
            "borderBottomLeftRadius": 10,
            "borderBottomRightRadius": 10,
            "borderStyle": "groove",
            "borderTopLeftRadius": 10,
            "borderTopRightRadius": 10
          }
        },
        "type": "ia.container.coord"
      },
      {
        "events": {
          "dom": {
            "onClick": {
              "config": {
                "script": "\tsystem.perspective.openPopup(\"Popup 1\",\u0027Popups/AddedToCart\u0027, showCloseIcon \u003d False, resizable \u003d False)\n\t\n\tquery \u003d system.db.runQuery(\"BEGIN TRANSACTION INSERT INTO Cart (ProductID, Name, Description, Price) SELECT ProductID, Name, Description, Price FROM Products WHERE ProductID \u003d 5; COMMIT;\")\n\t"
              },
              "scope": "G",
              "type": "script"
            }
          }
        },
        "meta": {
          "name": "Button_2"
        },
        "position": {
          "height": 32,
          "width": 100,
          "x": 911.5,
          "y": 1013
        },
        "props": {
          "style": {
            "backgroundColor": "#808080"
          },
          "text": "Add To Cart"
        },
        "type": "ia.input.button"
      },
      {
        "events": {
          "dom": {
            "onClick": {
              "config": {
                "script": "\tsystem.perspective.openPopup(\"Popup 1\",\u0027Popups/AddedToCart\u0027, showCloseIcon \u003d False, resizable \u003d False)\n\t\n\tquery \u003d system.db.runQuery(\"BEGIN TRANSACTION INSERT INTO Cart (ProductID, Name, Description, Price) SELECT ProductID, Name, Description, Price FROM Products WHERE ProductID \u003d 6; COMMIT;\")\n\t"
              },
              "scope": "G",
              "type": "script"
            }
          }
        },
        "meta": {
          "name": "Button_3"
        },
        "position": {
          "height": 32,
          "width": 100,
          "x": 1410.5,
          "y": 1013
        },
        "props": {
          "style": {
            "backgroundColor": "#808080"
          },
          "text": "Add To Cart"
        },
        "type": "ia.input.button"
      },
      {
        "meta": {
          "name": "CoordinateContainer_4"
        },
        "position": {
          "height": 490,
          "width": 308,
          "x": 319.24,
          "y": 105
        },
        "props": {
          "style": {
            "backgroundColor": "#F5F5F5",
            "borderBottomLeftRadius": 10,
            "borderBottomRightRadius": 10,
            "borderStyle": "groove",
            "borderTopLeftRadius": 10,
            "borderTopRightRadius": 10
          }
        },
        "type": "ia.container.coord"
      },
      {
        "meta": {
          "name": "Label_7"
        },
        "position": {
          "height": 32,
          "width": 72,
          "x": 443.4,
          "y": 451
        },
        "props": {
          "style": {
            "fontFamily": "serif"
          },
          "text": "$499.99"
        },
        "type": "ia.display.label"
      },
      {
        "events": {
          "dom": {
            "onClick": {
              "config": {
                "script": "\tsystem.perspective.openPopup(\"Popup 1\",\u0027Popups/AddedToCart\u0027, showCloseIcon \u003d False, resizable \u003d False)\n\t\n\tquery \u003d system.db.runQuery(\"BEGIN TRANSACTION INSERT INTO Cart (ProductID, Name, Description, Price) SELECT ProductID, Name, Description, Price FROM Products WHERE ProductID \u003d 1; COMMIT;\")\n\t"
              },
              "scope": "G",
              "type": "script"
            }
          }
        },
        "meta": {
          "name": "Button_4"
        },
        "position": {
          "height": 32,
          "rotate": {
            "anchor": "153% 87%"
          },
          "width": 100,
          "x": 416.24,
          "y": 1015
        },
        "props": {
          "style": {
            "backgroundColor": "#808080"
          },
          "text": "Add To Cart"
        },
        "type": "ia.input.button"
      },
      {
        "meta": {
          "name": "Label_8"
        },
        "position": {
          "height": 32,
          "width": 72,
          "x": 937.4,
          "y": 971
        },
        "props": {
          "style": {
            "fontFamily": "serif"
          },
          "text": "$399.99"
        },
        "type": "ia.display.label"
      },
      {
        "meta": {
          "name": "Label_9"
        },
        "position": {
          "height": 32,
          "width": 72,
          "x": 1434.4,
          "y": 971
        },
        "props": {
          "style": {
            "fontFamily": "serif"
          },
          "text": "$999.99"
        },
        "type": "ia.display.label"
      },
      {
        "meta": {
          "name": "Label_10"
        },
        "position": {
          "height": 32,
          "rotate": {
            "anchor": "60% -22%"
          },
          "width": 248,
          "x": 350.42,
          "y": 419
        },
        "props": {
          "style": {
            "fontFamily": "serif",
            "fontWeight": "bold"
          },
          "text": "Android Smartphone with Display"
        },
        "type": "ia.display.label"
      },
      {
        "meta": {
          "name": "Label_11"
        },
        "position": {
          "height": 32,
          "rotate": {
            "anchor": "60% -22%"
          },
          "width": 194,
          "x": 873.83,
          "y": 939
        },
        "props": {
          "style": {
            "fontFamily": "serif",
            "fontWeight": "bold"
          },
          "text": "Black Fitness Apple Watch"
        },
        "type": "ia.display.label"
      },
      {
        "meta": {
          "name": "Label_12"
        },
        "position": {
          "height": 32,
          "rotate": {
            "anchor": "60% -22%"
          },
          "width": 200,
          "x": 1372.33,
          "y": 937
        },
        "props": {
          "style": {
            "fontFamily": "serif",
            "fontWeight": "bold"
          },
          "text": "IPhone 13-Pro Max 256G"
        },
        "type": "ia.display.label"
      },
      {
        "meta": {
          "name": "matteo-vella-_HB3Y1wGlxw-unsplash"
        },
        "position": {
          "height": 228,
          "width": 215,
          "x": 1350.58,
          "y": 678
        },
        "props": {
          "fit": {
            "mode": "fill"
          },
          "source": "/system/images/matteo-vella-_HB3Y1wGlxw-unsplash.jpg",
          "style": {
            "borderBottomLeftRadius": 5,
            "borderBottomRightRadius": 5,
            "borderTopLeftRadius": 5,
            "borderTopRightRadius": 5
          }
        },
        "type": "ia.display.image"
      },
      {
        "meta": {
          "name": "alexunder-hess-bWZAPKm0zZE-unsplash"
        },
        "position": {
          "height": 218,
          "width": 215,
          "x": 1348.66,
          "y": 172
        },
        "props": {
          "fit": {
            "mode": "fill"
          },
          "source": "/system/images/alexunder-hess-bWZAPKm0zZE-unsplash.jpg",
          "style": {
            "borderBottomLeftRadius": 5,
            "borderBottomRightRadius": 5,
            "borderTopLeftRadius": 5,
            "borderTopRightRadius": 5
          }
        },
        "type": "ia.display.image"
      },
      {
        "meta": {
          "name": "daniel-korpai-hbTKIbuMmBI-unsplash"
        },
        "position": {
          "height": 218,
          "width": 215,
          "x": 851.344,
          "y": 687
        },
        "props": {
          "fit": {
            "mode": "fill"
          },
          "source": "/system/images/daniel-korpai-hbTKIbuMmBI-unsplash.jpg",
          "style": {
            "borderBottomLeftRadius": 5,
            "borderBottomRightRadius": 5,
            "borderTopLeftRadius": 5,
            "borderTopRightRadius": 5
          }
        },
        "type": "ia.display.image"
      },
      {
        "meta": {
          "name": "sanju-pandita-Ua6ZitoUb60-unsplash"
        },
        "position": {
          "height": 218,
          "rotate": {
            "anchor": "-470% -114%"
          },
          "width": 215,
          "x": 366.125,
          "y": 167
        },
        "props": {
          "fit": {
            "mode": "fill"
          },
          "source": "/system/images/sanju-pandita-Ua6ZitoUb60-unsplash.jpg",
          "style": {
            "borderBottomLeftRadius": 5,
            "borderBottomRightRadius": 5,
            "borderTopLeftRadius": 5,
            "borderTopRightRadius": 5
          }
        },
        "type": "ia.display.image"
      },
      {
        "meta": {
          "name": "shri-8djgN588ucM-unsplash"
        },
        "position": {
          "height": 218,
          "width": 215,
          "x": 857.74,
          "y": 172
        },
        "props": {
          "fit": {
            "mode": "fill"
          },
          "source": "/system/images/shri-8djgN588ucM-unsplash.jpg",
          "style": {
            "borderBottomLeftRadius": 5,
            "borderBottomRightRadius": 5,
            "borderTopLeftRadius": 5,
            "borderTopRightRadius": 5
          }
        },
        "type": "ia.display.image"
      },
      {
        "events": {
          "dom": {
            "onClick": {
              "config": {
                "script": "\tsystem.perspective.openPopup(\"Popup 1\",\u0027Popups/AddedToCart\u0027, showCloseIcon \u003d False, resizable \u003d False)\n\t\n\tquery \u003d system.db.runQuery(\"BEGIN TRANSACTION INSERT INTO Cart (ProductID, Name, Description, Price) SELECT ProductID, Name, Description, Price FROM Products WHERE ProductID \u003d 2; COMMIT;\")\n\t\n"
              },
              "scope": "G",
              "type": "script"
            }
          }
        },
        "meta": {
          "name": "Button"
        },
        "position": {
          "height": 32,
          "width": 100,
          "x": 419.586,
          "y": 495
        },
        "props": {
          "style": {
            "backgroundColor": "#808080"
          },
          "text": "Add To Cart"
        },
        "type": "ia.input.button"
      },
      {
        "meta": {
          "name": "Label_13"
        },
        "position": {
          "height": 32,
          "rotate": {
            "anchor": "89% 75%"
          },
          "width": 1920,
          "y": 20
        },
        "props": {
          "style": {
            "color": "#FFFFFF",
            "fontFamily": "serif",
            "fontSize": 30,
            "fontWeight": "bold",
            "letterSpacing": 5,
            "textAlign": "center"
          },
          "text": "Products"
        },
        "type": "ia.display.label"
      },
      {
        "events": {
          "dom": {
            "onClick": {
              "config": {},
              "scope": "C",
              "type": "logout"
            }
          }
        },
        "meta": {
          "name": "Button_5"
        },
        "position": {
          "height": 39,
          "width": 87,
          "x": 1812.5,
          "y": 78.99
        },
        "props": {
          "image": {
            "icon": {
              "path": "material/login"
            }
          },
          "text": "Logout"
        },
        "type": "ia.input.button"
      }
    ],
    "meta": {
      "name": "root"
    },
    "type": "ia.container.coord"
  }
}