{
  "custom": {},
  "params": {},
  "props": {
    "defaultSize": {
      "height": 50,
      "width": 1920
    }
  },
  "root": {
    "children": [
      {
        "meta": {
          "name": "HorizontalMenu"
        },
        "position": {
          "grow": 1
        },
        "props": {
          "itemStyle": {
            "icon": {
              "key": "value"
            }
          },
          "items": [
            {
              "enabled": true,
              "icon": {
                "path": "material/home"
              },
              "label": "Home",
              "style": {
                "classes": ""
              },
              "target": "/"
            },
            {
              "enabled": true,
              "icon": {
                "color": "",
                "path": "material/shop"
              },
              "items": [],
              "label": "Products",
              "style": {
                "classes": ""
              },
              "target": "/products"
            },
            {
              "enabled": true,
              "icon": {
                "path": "material/ad_units"
              },
              "items": [],
              "label": "Orders",
              "style": {
                "classes": ""
              },
              "target": "/orders"
            },
            {
              "enabled": true,
              "icon": {
                "path": "material/shopping_cart"
              },
              "items": [],
              "label": "Cart",
              "style": {
                "classes": ""
              },
              "target": "/cart"
            },
            {
              "enabled": true,
              "icon": {
                "path": "material/account_box"
              },
              "items": [],
              "label": "Sign Up",
              "style": {
                "classes": "",
                "marginLeft": 1350
              },
              "target": "/adduser"
            }
          ],
          "style": {
            "borderStyle": "none",
            "borderWidth": 3,
            "padding": 3
          }
        },
        "type": "ia.navigation.horizontalmenu"
      }
    ],
    "meta": {
      "name": "root"
    },
    "props": {
      "direction": "column"
    },
    "type": "ia.container.flex"
  }
}