{
  "custom": {},
  "params": {},
  "props": {
    "defaultSize": {
      "height": 1256,
      "width": 1906
    }
  },
  "root": {
    "children": [
      {
        "meta": {
          "name": "CoordinateContainer"
        },
        "position": {
          "height": 70,
          "width": 1940
        },
        "props": {
          "style": {
            "backgroundColor": "#3F7172"
          }
        },
        "type": "ia.container.coord"
      },
      {
        "meta": {
          "name": "Label_0"
        },
        "position": {
          "height": 62,
          "width": 525,
          "x": 737.896,
          "y": 113.982
        },
        "props": {
          "style": {
            "color": "#000000",
            "fontFamily": "serif",
            "fontSize": 15,
            "letterSpacing": 1,
            "textAlign": "center"
          },
          "text": "Check out our limited time offers."
        },
        "type": "ia.display.label"
      },
      {
        "events": {
          "dom": {
            "onClick": {
              "config": {
                "page": "/products"
              },
              "scope": "C",
              "type": "nav"
            },
            "onDoubleClick": {
              "config": {
                "page": "/products"
              },
              "scope": "C",
              "type": "nav"
            }
          }
        },
        "meta": {
          "name": "Button"
        },
        "position": {
          "height": 34,
          "width": 120,
          "x": 937.386,
          "y": 207
        },
        "props": {
          "image": {
            "position": "center"
          },
          "text": "View Products"
        },
        "type": "ia.input.button"
      },
      {
        "meta": {
          "name": "Image_1"
        },
        "position": {
          "height": 196,
          "width": 183,
          "x": 1075.4,
          "y": 316.974
        },
        "type": "ia.display.image"
      },
      {
        "meta": {
          "name": "pablo-figueroa-NoUQt_qdKjg-unsplash",
          "tooltip": {
            "width": 100
          }
        },
        "position": {
          "height": 292,
          "width": 321,
          "x": 493.206,
          "y": 329
        },
        "props": {
          "fit": {
            "mode": "fill"
          },
          "source": "/system/images/pablo-figueroa-NoUQt_qdKjg-unsplash.jpg"
        },
        "type": "ia.display.image"
      },
      {
        "meta": {
          "name": "xiong-yan-hs8ckhdPBkk-unsplash"
        },
        "position": {
          "height": 292,
          "width": 320,
          "x": 831.072,
          "y": 329
        },
        "props": {
          "fit": {
            "mode": "fill"
          },
          "source": "/system/images/xiong-yan-hs8ckhdPBkk-unsplash.jpg"
        },
        "type": "ia.display.image"
      },
      {
        "meta": {
          "name": "maxim-hopman-Hin-rzhOdWs-unsplash"
        },
        "position": {
          "height": 291,
          "width": 319,
          "x": 1167.89,
          "y": 329
        },
        "props": {
          "fit": {
            "mode": "fill"
          },
          "source": "/system/images/maxim-hopman-Hin-rzhOdWs-unsplash.jpg"
        },
        "type": "ia.display.image"
      },
      {
        "meta": {
          "name": "Label_1"
        },
        "position": {
          "height": 32,
          "rotate": {
            "anchor": "89% 75%"
          },
          "width": 1580,
          "x": 195,
          "y": 19
        },
        "props": {
          "style": {
            "color": "#FFFFFF",
            "fontFamily": "serif",
            "fontSize": 30,
            "fontWeight": "bold",
            "letterSpacing": "3",
            "textAlign": "center"
          },
          "text": "Welcome to our store!"
        },
        "type": "ia.display.label"
      },
      {
        "meta": {
          "name": "CoordinateContainer_0"
        },
        "position": {
          "height": 330,
          "width": 994,
          "x": 493,
          "y": 717
        },
        "props": {
          "style": {
            "backgroundColor": "#F0F0F0",
            "borderBottomLeftRadius": 10,
            "borderBottomRightRadius": 10,
            "borderTopLeftRadius": 10,
            "borderTopRightRadius": 10
          }
        },
        "type": "ia.container.coord"
      },
      {
        "meta": {
          "name": "Label"
        },
        "position": {
          "height": 32,
          "rotate": {
            "anchor": "-222% -325%"
          },
          "width": 158,
          "x": 910.33,
          "y": 760
        },
        "props": {
          "text": "Our Story",
          "textStyle": {
            "fontFamily": "serif",
            "fontSize": 30,
            "fontWeight": "bold",
            "letterSpacing": 3
          }
        },
        "type": "ia.display.label"
      },
      {
        "meta": {
          "name": "Label_2"
        },
        "position": {
          "height": 195,
          "rotate": {
            "anchor": "182% -31%"
          },
          "width": 944,
          "x": 516.44,
          "y": 805
        },
        "props": {
          "text": "Driven by the passion for innovation and accessibility, we\u0027re proud to offer an extensive selection of electronics and devices at affordable prices. Our user-friendly interface ensures a seamless shopping experience, empowering customers to explore and discover the latest in technology effortlessly. With a commitment to simplicity and quality, we strive to redefine the way users interact with technology, making innovation accessible to all.",
          "textStyle": {
            "fontFamily": "serif",
            "fontSize": 20,
            "letterSpacing": 2,
            "lineHeight": 2
          }
        },
        "type": "ia.display.label"
      },
      {
        "events": {
          "dom": {
            "onClick": {
              "config": {},
              "scope": "C",
              "type": "logout"
            }
          }
        },
        "meta": {
          "name": "Button_1"
        },
        "position": {
          "height": 39,
          "width": 87,
          "x": 1783.5,
          "y": 78.99
        },
        "props": {
          "image": {
            "icon": {
              "path": "material/login"
            }
          },
          "text": "Logout"
        },
        "type": "ia.input.button"
      }
    ],
    "meta": {
      "name": "root"
    },
    "type": "ia.container.coord"
  }
}