{
  "custom": {},
  "params": {},
  "props": {
    "defaultSize": {
      "height": 1198,
      "width": 1700
    }
  },
  "root": {
    "children": [
      {
        "meta": {
          "name": "CoordinateContainer_1"
        },
        "position": {
          "height": 490,
          "width": 308,
          "x": 824.396,
          "y": 86
        },
        "props": {
          "style": {
            "backgroundColor": "#F5F5F5",
            "borderBottomLeftRadius": 10,
            "borderBottomRightRadius": 10,
            "borderStyle": "groove",
            "borderTopLeftRadius": 10,
            "borderTopRightRadius": 10
          }
        },
        "type": "ia.container.coord"
      },
      {
        "meta": {
          "name": "CoordinateContainer_0"
        },
        "position": {
          "height": 490,
          "width": 308,
          "x": 490.849,
          "y": 86
        },
        "props": {
          "style": {
            "backgroundColor": "#F5F5F5",
            "borderBottomLeftRadius": 10,
            "borderBottomRightRadius": 10,
            "borderStyle": "groove",
            "borderTopLeftRadius": 10,
            "borderTopRightRadius": 10
          }
        },
        "type": "ia.container.coord"
      },
      {
        "meta": {
          "name": "CoordinateContainer"
        },
        "position": {
          "height": 490,
          "width": 308,
          "x": 156.24,
          "y": 607
        },
        "props": {
          "style": {
            "backgroundColor": "#F5F5F5",
            "borderBottomLeftRadius": 10,
            "borderBottomRightRadius": 10,
            "borderStyle": "groove",
            "borderTopLeftRadius": 10,
            "borderTopRightRadius": 10
          }
        },
        "type": "ia.container.coord"
      },
      {
        "meta": {
          "name": "Label_0"
        },
        "position": {
          "height": 32,
          "rotate": {
            "anchor": "60% -22%"
          },
          "width": 178,
          "x": 225.1,
          "y": 919
        },
        "props": {
          "style": {
            "fontFamily": "serif",
            "fontWeight": "bold"
          },
          "text": "15-inch Laptop with SSD"
        },
        "type": "ia.display.label"
      },
      {
        "meta": {
          "name": "Label_1"
        },
        "position": {
          "height": 32,
          "width": 72,
          "x": 280.4,
          "y": 953
        },
        "props": {
          "style": {
            "fontFamily": "serif"
          },
          "text": "$999.99"
        },
        "type": "ia.display.label"
      },
      {
        "meta": {
          "name": "NumericEntryField"
        },
        "position": {
          "height": 30,
          "width": 52,
          "x": 237.246,
          "y": 997
        },
        "props": {
          "align": "left",
          "format": "0,0",
          "value": 1
        },
        "type": "ia.input.numeric-entry-field"
      },
      {
        "meta": {
          "name": "Label_4"
        },
        "position": {
          "height": 51,
          "rotate": {
            "anchor": "58% 38%"
          },
          "width": 278,
          "x": 767.61,
          "y": -88.5078125
        },
        "props": {
          "style": {
            "fontFamily": "serif",
            "fontSize": 25,
            "fontWeight": "bold",
            "letterSpacing": "3"
          },
          "text": "Shop Our Collection"
        },
        "type": "ia.display.label"
      },
      {
        "meta": {
          "name": "hugo-barbosa-AZ1dAHLnYFc-unsplash"
        },
        "position": {
          "height": 228,
          "width": 215,
          "x": 201.66,
          "y": 663
        },
        "props": {
          "fit": {
            "mode": "fill"
          },
          "source": "/system/images/hugo-barbosa-AZ1dAHLnYFc-unsplash.jpg",
          "style": {
            "borderBottomLeftRadius": 5,
            "borderBottomRightRadius": 5,
            "borderTopLeftRadius": 5,
            "borderTopRightRadius": 5
          }
        },
        "type": "ia.display.image"
      },
      {
        "meta": {
          "name": "Label_2"
        },
        "position": {
          "height": 32,
          "rotate": {
            "anchor": "60% -22%"
          },
          "width": 222,
          "x": 533.33,
          "y": 398
        },
        "props": {
          "style": {
            "fontFamily": "serif",
            "fontWeight": "bold"
          },
          "text": "10-inch Tablet with Touchscreen"
        },
        "type": "ia.display.label"
      },
      {
        "meta": {
          "name": "Label_3"
        },
        "position": {
          "height": 32,
          "width": 72,
          "x": 616.4,
          "y": 432
        },
        "props": {
          "style": {
            "fontFamily": "serif"
          },
          "text": "$299.99"
        },
        "type": "ia.display.label"
      },
      {
        "meta": {
          "name": "NumericEntryField_0"
        },
        "position": {
          "height": 30,
          "width": 52,
          "x": 573.25,
          "y": 476
        },
        "props": {
          "align": "left",
          "format": "0,0",
          "value": 1
        },
        "type": "ia.input.numeric-entry-field"
      },
      {
        "events": {
          "dom": {
            "onClick": {
              "config": {
                "params": {
                  "Quantity": "{/root/NumericEntryField.props.value}"
                },
                "view": "Products"
              },
              "scope": "C",
              "type": "nav"
            }
          }
        },
        "meta": {
          "name": "Button_0"
        },
        "position": {
          "height": 32,
          "width": 100,
          "x": 628.5,
          "y": 474
        },
        "props": {
          "style": {
            "backgroundColor": "#808080"
          },
          "text": "Add To Cart"
        },
        "type": "ia.input.button"
      },
      {
        "meta": {
          "name": "Label_5"
        },
        "position": {
          "height": 32,
          "rotate": {
            "anchor": "60% -22%"
          },
          "width": 264,
          "x": 847.334,
          "y": 398
        },
        "props": {
          "style": {
            "fontFamily": "serif",
            "fontWeight": "bold"
          },
          "text": "Wireless Noise-Canceling Headphones"
        },
        "type": "ia.display.label"
      },
      {
        "meta": {
          "name": "Label_6"
        },
        "position": {
          "height": 32,
          "width": 72,
          "x": 949.4,
          "y": 432
        },
        "props": {
          "style": {
            "fontFamily": "serif"
          },
          "text": "$199.99"
        },
        "type": "ia.display.label"
      },
      {
        "meta": {
          "name": "NumericEntryField_1"
        },
        "position": {
          "height": 30,
          "width": 52,
          "x": 906.25,
          "y": 476
        },
        "props": {
          "align": "left",
          "format": "0,0",
          "value": 1
        },
        "type": "ia.input.numeric-entry-field"
      },
      {
        "events": {
          "dom": {
            "onClick": {
              "config": {
                "params": {
                  "Quantity": "{/root/NumericEntryField.props.value}"
                },
                "view": "Products"
              },
              "scope": "C",
              "type": "nav"
            }
          }
        },
        "meta": {
          "name": "Button_1"
        },
        "position": {
          "height": 32,
          "width": 100,
          "x": 961.5,
          "y": 474
        },
        "props": {
          "style": {
            "backgroundColor": "#808080"
          },
          "text": "Add To Cart"
        },
        "type": "ia.input.button"
      },
      {
        "meta": {
          "name": "CoordinateContainer_2"
        },
        "position": {
          "height": 490,
          "width": 308,
          "x": 824.4,
          "y": 605
        },
        "props": {
          "style": {
            "backgroundColor": "#F5F5F5",
            "borderBottomLeftRadius": 10,
            "borderBottomRightRadius": 10,
            "borderStyle": "groove",
            "borderTopLeftRadius": 10,
            "borderTopRightRadius": 10
          }
        },
        "type": "ia.container.coord"
      },
      {
        "meta": {
          "name": "CoordinateContainer_3"
        },
        "position": {
          "height": 490,
          "width": 308,
          "x": 490.85,
          "y": 605
        },
        "props": {
          "style": {
            "backgroundColor": "#F5F5F5",
            "borderBottomLeftRadius": 10,
            "borderBottomRightRadius": 10,
            "borderStyle": "groove",
            "borderTopLeftRadius": 10,
            "borderTopRightRadius": 10
          }
        },
        "type": "ia.container.coord"
      },
      {
        "meta": {
          "name": "NumericEntryField_2"
        },
        "position": {
          "height": 30,
          "width": 52,
          "x": 573.25,
          "y": 995
        },
        "props": {
          "align": "left",
          "format": "0,0",
          "value": 1
        },
        "type": "ia.input.numeric-entry-field"
      },
      {
        "events": {
          "dom": {
            "onClick": {
              "config": {
                "params": {
                  "Quantity": "{/root/NumericEntryField.props.value}"
                },
                "view": "Products"
              },
              "scope": "C",
              "type": "nav"
            }
          }
        },
        "meta": {
          "name": "Button_2"
        },
        "position": {
          "height": 32,
          "width": 100,
          "x": 628.5,
          "y": 993
        },
        "props": {
          "style": {
            "backgroundColor": "#808080"
          },
          "text": "Add To Cart"
        },
        "type": "ia.input.button"
      },
      {
        "meta": {
          "name": "NumericEntryField_3"
        },
        "position": {
          "height": 30,
          "width": 52,
          "x": 906.25,
          "y": 995
        },
        "props": {
          "align": "left",
          "format": "0,0",
          "value": 1
        },
        "type": "ia.input.numeric-entry-field"
      },
      {
        "events": {
          "dom": {
            "onClick": {
              "config": {
                "params": {
                  "Quantity": "{/root/NumericEntryField.props.value}"
                },
                "view": "Products"
              },
              "scope": "C",
              "type": "nav"
            }
          }
        },
        "meta": {
          "name": "Button_3"
        },
        "position": {
          "height": 32,
          "width": 100,
          "x": 961.5,
          "y": 993
        },
        "props": {
          "style": {
            "backgroundColor": "#808080"
          },
          "text": "Add To Cart"
        },
        "type": "ia.input.button"
      },
      {
        "meta": {
          "name": "CoordinateContainer_4"
        },
        "position": {
          "height": 490,
          "width": 308,
          "x": 159.24,
          "y": 85
        },
        "props": {
          "style": {
            "backgroundColor": "#F5F5F5",
            "borderBottomLeftRadius": 10,
            "borderBottomRightRadius": 10,
            "borderStyle": "groove",
            "borderTopLeftRadius": 10,
            "borderTopRightRadius": 10
          }
        },
        "type": "ia.container.coord"
      },
      {
        "meta": {
          "name": "Label_7"
        },
        "position": {
          "height": 32,
          "width": 72,
          "x": 283.4,
          "y": 431
        },
        "props": {
          "style": {
            "fontFamily": "serif"
          },
          "text": "$499.99"
        },
        "type": "ia.display.label"
      },
      {
        "events": {
          "dom": {
            "onClick": {
              "config": {
                "params": {
                  "Quantity": "{/root/NumericEntryField.props.value}"
                },
                "view": "Products"
              },
              "scope": "C",
              "type": "nav"
            }
          }
        },
        "meta": {
          "name": "Button_4"
        },
        "position": {
          "height": 32,
          "rotate": {
            "anchor": "153% 87%"
          },
          "width": 100,
          "x": 293.24,
          "y": 995
        },
        "props": {
          "style": {
            "backgroundColor": "#808080"
          },
          "text": "Add To Cart"
        },
        "type": "ia.input.button"
      },
      {
        "meta": {
          "name": "Label_8"
        },
        "position": {
          "height": 32,
          "width": 72,
          "x": 617.4,
          "y": 951
        },
        "props": {
          "style": {
            "fontFamily": "serif"
          },
          "text": "$399.99"
        },
        "type": "ia.display.label"
      },
      {
        "meta": {
          "name": "Label_9"
        },
        "position": {
          "height": 32,
          "width": 72,
          "x": 954.4,
          "y": 951
        },
        "props": {
          "style": {
            "fontFamily": "serif"
          },
          "text": "$999.99"
        },
        "type": "ia.display.label"
      },
      {
        "meta": {
          "name": "NumericEntryField_4"
        },
        "position": {
          "height": 30,
          "width": 52,
          "x": 240.25,
          "y": 475
        },
        "props": {
          "align": "left",
          "format": "0,0",
          "value": 1
        },
        "type": "ia.input.numeric-entry-field"
      },
      {
        "meta": {
          "name": "Label_10"
        },
        "position": {
          "height": 32,
          "rotate": {
            "anchor": "60% -22%"
          },
          "width": 248,
          "x": 190.42,
          "y": 399
        },
        "props": {
          "style": {
            "fontFamily": "serif",
            "fontWeight": "bold"
          },
          "text": "Android Smartphone with Display"
        },
        "type": "ia.display.label"
      },
      {
        "meta": {
          "name": "Label_11"
        },
        "position": {
          "height": 32,
          "rotate": {
            "anchor": "60% -22%"
          },
          "width": 194,
          "x": 553.83,
          "y": 919
        },
        "props": {
          "style": {
            "fontFamily": "serif",
            "fontWeight": "bold"
          },
          "text": "Black Fitness Apple Watch"
        },
        "type": "ia.display.label"
      },
      {
        "meta": {
          "name": "Label_12"
        },
        "position": {
          "height": 32,
          "rotate": {
            "anchor": "60% -22%"
          },
          "width": 200,
          "x": 892.33,
          "y": 917
        },
        "props": {
          "style": {
            "fontFamily": "serif",
            "fontWeight": "bold"
          },
          "text": "IPhone 13-Pro Max 256G"
        },
        "type": "ia.display.label"
      },
      {
        "meta": {
          "name": "matteo-vella-_HB3Y1wGlxw-unsplash"
        },
        "position": {
          "height": 228,
          "width": 215,
          "x": 870.578,
          "y": 658
        },
        "props": {
          "fit": {
            "mode": "fill"
          },
          "source": "/system/images/matteo-vella-_HB3Y1wGlxw-unsplash.jpg",
          "style": {
            "borderBottomLeftRadius": 5,
            "borderBottomRightRadius": 5,
            "borderTopLeftRadius": 5,
            "borderTopRightRadius": 5
          }
        },
        "type": "ia.display.image"
      },
      {
        "meta": {
          "name": "alexunder-hess-bWZAPKm0zZE-unsplash"
        },
        "position": {
          "height": 218,
          "width": 215,
          "x": 868.656,
          "y": 152
        },
        "props": {
          "fit": {
            "mode": "fill"
          },
          "source": "/system/images/alexunder-hess-bWZAPKm0zZE-unsplash.jpg",
          "style": {
            "borderBottomLeftRadius": 5,
            "borderBottomRightRadius": 5,
            "borderTopLeftRadius": 5,
            "borderTopRightRadius": 5
          }
        },
        "type": "ia.display.image"
      },
      {
        "meta": {
          "name": "daniel-korpai-hbTKIbuMmBI-unsplash"
        },
        "position": {
          "height": 218,
          "width": 215,
          "x": 531.344,
          "y": 667
        },
        "props": {
          "fit": {
            "mode": "fill"
          },
          "source": "/system/images/daniel-korpai-hbTKIbuMmBI-unsplash.jpg",
          "style": {
            "borderBottomLeftRadius": 5,
            "borderBottomRightRadius": 5,
            "borderTopLeftRadius": 5,
            "borderTopRightRadius": 5
          }
        },
        "type": "ia.display.image"
      },
      {
        "meta": {
          "name": "sanju-pandita-Ua6ZitoUb60-unsplash"
        },
        "position": {
          "height": 218,
          "rotate": {
            "anchor": "-470% -114%"
          },
          "width": 215,
          "x": 206.125,
          "y": 147
        },
        "props": {
          "fit": {
            "mode": "fill"
          },
          "source": "/system/images/sanju-pandita-Ua6ZitoUb60-unsplash.jpg",
          "style": {
            "borderBottomLeftRadius": 5,
            "borderBottomRightRadius": 5,
            "borderTopLeftRadius": 5,
            "borderTopRightRadius": 5
          }
        },
        "type": "ia.display.image"
      },
      {
        "meta": {
          "name": "shri-8djgN588ucM-unsplash"
        },
        "position": {
          "height": 218,
          "width": 215,
          "x": 537.74,
          "y": 152
        },
        "props": {
          "fit": {
            "mode": "fill"
          },
          "source": "/system/images/shri-8djgN588ucM-unsplash.jpg",
          "style": {
            "borderBottomLeftRadius": 5,
            "borderBottomRightRadius": 5,
            "borderTopLeftRadius": 5,
            "borderTopRightRadius": 5
          }
        },
        "type": "ia.display.image"
      },
      {
        "events": {
          "dom": {
            "onClick": [
              {
                "config": {
                  "params": {
                    "Quantity": "{/root/NumericEntryField.props.value}"
                  },
                  "view": "Products"
                },
                "scope": "C",
                "type": "nav"
              },
              {
                "config": {
                  "draggable": false,
                  "id": "KEsifNyI",
                  "modal": false,
                  "overlayDismiss": false,
                  "position": {
                    "right": 0
                  },
                  "positionType": "exact",
                  "resizable": false,
                  "showCloseIcon": true,
                  "type": "open",
                  "viewParams": {
                    "Quantity": "{/root/NumericEntryField.props.value}"
                  },
                  "viewPath": "Cart_Popup",
                  "viewportBound": false
                },
                "scope": "C",
                "type": "popup"
              },
              {
                "config": {
                  "script": "   updateQuery \u003d \"\"\"\n        UPDATE [OnlineStoreApp].[dbo].[Cart]\n        SET [Quantity] \u003d [Quantity] + 1,\n            [Total] \u003d [Total] + (SELECT [Price] FROM [OnlineStoreApp].[dbo].[Products] WHERE [Name] \u003d ?)\n        WHERE [UserID] \u003d ?\n          AND [ProductID] \u003d (SELECT [ProductID] FROM [OnlineStoreApp].[dbo].[Products] WHERE [Name] \u003d ?)\n    \"\"\""
                },
                "scope": "G",
                "type": "script"
              }
            ]
          }
        },
        "meta": {
          "name": "Button"
        },
        "position": {
          "height": 32,
          "width": 100,
          "x": 296.586,
          "y": 475
        },
        "props": {
          "style": {
            "backgroundColor": "#808080"
          },
          "text": "Add To Cart"
        },
        "type": "ia.input.button"
      }
    ],
    "meta": {
      "name": "root"
    },
    "type": "ia.container.coord"
  }
}